--
-- PostgreSQL database dump
--

-- Dumped from database version 16.9 (Ubuntu 16.9-0ubuntu0.24.04.1)
-- Dumped by pg_dump version 16.9 (Ubuntu 16.9-0ubuntu0.24.04.1)

SET statement_timeout = 0;
SET lock_timeout = 0;
SET idle_in_transaction_session_timeout = 0;
SET client_encoding = 'UTF8';
SET standard_conforming_strings = on;
SELECT pg_catalog.set_config('search_path', '', false);
SET check_function_bodies = false;
SET xmloption = content;
SET client_min_messages = warning;
SET row_security = off;

SET default_tablespace = '';

SET default_table_access_method = heap;

--
-- Name: auth_group; Type: TABLE; Schema: public; Owner: metrotrip_user
--

CREATE TABLE public.auth_group (
    id integer NOT NULL,
    name character varying(150) NOT NULL
);


ALTER TABLE public.auth_group OWNER TO metrotrip_user;

--
-- Name: auth_group_id_seq; Type: SEQUENCE; Schema: public; Owner: metrotrip_user
--

ALTER TABLE public.auth_group ALTER COLUMN id ADD GENERATED BY DEFAULT AS IDENTITY (
    SEQUENCE NAME public.auth_group_id_seq
    START WITH 1
    INCREMENT BY 1
    NO MINVALUE
    NO MAXVALUE
    CACHE 1
);


--
-- Name: auth_group_permissions; Type: TABLE; Schema: public; Owner: metrotrip_user
--

CREATE TABLE public.auth_group_permissions (
    id bigint NOT NULL,
    group_id integer NOT NULL,
    permission_id integer NOT NULL
);


ALTER TABLE public.auth_group_permissions OWNER TO metrotrip_user;

--
-- Name: auth_group_permissions_id_seq; Type: SEQUENCE; Schema: public; Owner: metrotrip_user
--

ALTER TABLE public.auth_group_permissions ALTER COLUMN id ADD GENERATED BY DEFAULT AS IDENTITY (
    SEQUENCE NAME public.auth_group_permissions_id_seq
    START WITH 1
    INCREMENT BY 1
    NO MINVALUE
    NO MAXVALUE
    CACHE 1
);


--
-- Name: auth_permission; Type: TABLE; Schema: public; Owner: metrotrip_user
--

CREATE TABLE public.auth_permission (
    id integer NOT NULL,
    name character varying(255) NOT NULL,
    content_type_id integer NOT NULL,
    codename character varying(100) NOT NULL
);


ALTER TABLE public.auth_permission OWNER TO metrotrip_user;

--
-- Name: auth_permission_id_seq; Type: SEQUENCE; Schema: public; Owner: metrotrip_user
--

ALTER TABLE public.auth_permission ALTER COLUMN id ADD GENERATED BY DEFAULT AS IDENTITY (
    SEQUENCE NAME public.auth_permission_id_seq
    START WITH 1
    INCREMENT BY 1
    NO MINVALUE
    NO MAXVALUE
    CACHE 1
);


--
-- Name: django_admin_log; Type: TABLE; Schema: public; Owner: metrotrip_user
--

CREATE TABLE public.django_admin_log (
    id integer NOT NULL,
    action_time timestamp with time zone NOT NULL,
    object_id text,
    object_repr character varying(200) NOT NULL,
    action_flag smallint NOT NULL,
    change_message text NOT NULL,
    content_type_id integer,
    user_id bigint NOT NULL,
    CONSTRAINT django_admin_log_action_flag_check CHECK ((action_flag >= 0))
);


ALTER TABLE public.django_admin_log OWNER TO metrotrip_user;

--
-- Name: django_admin_log_id_seq; Type: SEQUENCE; Schema: public; Owner: metrotrip_user
--

ALTER TABLE public.django_admin_log ALTER COLUMN id ADD GENERATED BY DEFAULT AS IDENTITY (
    SEQUENCE NAME public.django_admin_log_id_seq
    START WITH 1
    INCREMENT BY 1
    NO MINVALUE
    NO MAXVALUE
    CACHE 1
);


--
-- Name: django_content_type; Type: TABLE; Schema: public; Owner: metrotrip_user
--

CREATE TABLE public.django_content_type (
    id integer NOT NULL,
    app_label character varying(100) NOT NULL,
    model character varying(100) NOT NULL
);


ALTER TABLE public.django_content_type OWNER TO metrotrip_user;

--
-- Name: django_content_type_id_seq; Type: SEQUENCE; Schema: public; Owner: metrotrip_user
--

ALTER TABLE public.django_content_type ALTER COLUMN id ADD GENERATED BY DEFAULT AS IDENTITY (
    SEQUENCE NAME public.django_content_type_id_seq
    START WITH 1
    INCREMENT BY 1
    NO MINVALUE
    NO MAXVALUE
    CACHE 1
);


--
-- Name: django_migrations; Type: TABLE; Schema: public; Owner: metrotrip_user
--

CREATE TABLE public.django_migrations (
    id bigint NOT NULL,
    app character varying(255) NOT NULL,
    name character varying(255) NOT NULL,
    applied timestamp with time zone NOT NULL
);


ALTER TABLE public.django_migrations OWNER TO metrotrip_user;

--
-- Name: django_migrations_id_seq; Type: SEQUENCE; Schema: public; Owner: metrotrip_user
--

ALTER TABLE public.django_migrations ALTER COLUMN id ADD GENERATED BY DEFAULT AS IDENTITY (
    SEQUENCE NAME public.django_migrations_id_seq
    START WITH 1
    INCREMENT BY 1
    NO MINVALUE
    NO MAXVALUE
    CACHE 1
);


--
-- Name: django_session; Type: TABLE; Schema: public; Owner: metrotrip_user
--

CREATE TABLE public.django_session (
    session_key character varying(40) NOT NULL,
    session_data text NOT NULL,
    expire_date timestamp with time zone NOT NULL
);


ALTER TABLE public.django_session OWNER TO metrotrip_user;

--
-- Name: equipment_equipmentrecord; Type: TABLE; Schema: public; Owner: metrotrip_user
--

CREATE TABLE public.equipment_equipmentrecord (
    id bigint NOT NULL,
    name character varying(255) NOT NULL,
    device_type character varying(255) NOT NULL,
    serial_number character varying(255),
    quantity integer NOT NULL,
    tech_name character varying(255) NOT NULL,
    status character varying(10) NOT NULL,
    notes text,
    date_created timestamp with time zone NOT NULL,
    organization_id bigint NOT NULL,
    user_id bigint NOT NULL,
    measurement_type_id bigint NOT NULL,
    CONSTRAINT equipment_equipmentrecord_quantity_check CHECK ((quantity >= 0))
);


ALTER TABLE public.equipment_equipmentrecord OWNER TO metrotrip_user;

--
-- Name: equipment_equipmentrecord_id_seq; Type: SEQUENCE; Schema: public; Owner: metrotrip_user
--

ALTER TABLE public.equipment_equipmentrecord ALTER COLUMN id ADD GENERATED BY DEFAULT AS IDENTITY (
    SEQUENCE NAME public.equipment_equipmentrecord_id_seq
    START WITH 1
    INCREMENT BY 1
    NO MINVALUE
    NO MAXVALUE
    CACHE 1
);


--
-- Name: equipment_measurementtype; Type: TABLE; Schema: public; Owner: metrotrip_user
--

CREATE TABLE public.equipment_measurementtype (
    id bigint NOT NULL,
    name character varying(100) NOT NULL
);


ALTER TABLE public.equipment_measurementtype OWNER TO metrotrip_user;

--
-- Name: equipment_measurementtype_id_seq; Type: SEQUENCE; Schema: public; Owner: metrotrip_user
--

ALTER TABLE public.equipment_measurementtype ALTER COLUMN id ADD GENERATED BY DEFAULT AS IDENTITY (
    SEQUENCE NAME public.equipment_measurementtype_id_seq
    START WITH 1
    INCREMENT BY 1
    NO MINVALUE
    NO MAXVALUE
    CACHE 1
);


--
-- Name: trips_businesstrip; Type: TABLE; Schema: public; Owner: metrotrip_user
--

CREATE TABLE public.trips_businesstrip (
    id bigint NOT NULL,
    name character varying(100) NOT NULL,
    start_date date NOT NULL,
    end_date date,
    city character varying(100) NOT NULL,
    senior_id integer NOT NULL
);


ALTER TABLE public.trips_businesstrip OWNER TO metrotrip_user;

--
-- Name: trips_businesstrip_id_seq; Type: SEQUENCE; Schema: public; Owner: metrotrip_user
--

ALTER TABLE public.trips_businesstrip ALTER COLUMN id ADD GENERATED BY DEFAULT AS IDENTITY (
    SEQUENCE NAME public.trips_businesstrip_id_seq
    START WITH 1
    INCREMENT BY 1
    NO MINVALUE
    NO MAXVALUE
    CACHE 1
);


--
-- Name: trips_organization; Type: TABLE; Schema: public; Owner: metrotrip_user
--

CREATE TABLE public.trips_organization (
    id bigint NOT NULL,
    name character varying(255) NOT NULL,
    created_date date NOT NULL,
    is_closed boolean NOT NULL,
    trip_id bigint NOT NULL,
    last_fixed_at timestamp with time zone,
    fixed_until timestamp with time zone,
    tech_staff_count integer NOT NULL,
    tech_staff_fixed integer
);


ALTER TABLE public.trips_organization OWNER TO metrotrip_user;

--
-- Name: trips_organization_fixed_records; Type: TABLE; Schema: public; Owner: metrotrip_user
--

CREATE TABLE public.trips_organization_fixed_records (
    id bigint NOT NULL,
    organization_id bigint NOT NULL,
    equipmentrecord_id bigint NOT NULL
);


ALTER TABLE public.trips_organization_fixed_records OWNER TO metrotrip_user;

--
-- Name: trips_organization_fixed_records_id_seq; Type: SEQUENCE; Schema: public; Owner: metrotrip_user
--

ALTER TABLE public.trips_organization_fixed_records ALTER COLUMN id ADD GENERATED BY DEFAULT AS IDENTITY (
    SEQUENCE NAME public.trips_organization_fixed_records_id_seq
    START WITH 1
    INCREMENT BY 1
    NO MINVALUE
    NO MAXVALUE
    CACHE 1
);


--
-- Name: trips_organization_id_seq; Type: SEQUENCE; Schema: public; Owner: metrotrip_user
--

ALTER TABLE public.trips_organization ALTER COLUMN id ADD GENERATED BY DEFAULT AS IDENTITY (
    SEQUENCE NAME public.trips_organization_id_seq
    START WITH 1
    INCREMENT BY 1
    NO MINVALUE
    NO MAXVALUE
    CACHE 1
);


--
-- Name: users_user; Type: TABLE; Schema: public; Owner: metrotrip_user
--

CREATE TABLE public.users_user (
    id bigint NOT NULL,
    password character varying(128) NOT NULL,
    last_login timestamp with time zone,
    is_superuser boolean NOT NULL,
    username character varying(150) NOT NULL,
    first_name character varying(150) NOT NULL,
    last_name character varying(150) NOT NULL,
    email character varying(254) NOT NULL,
    is_staff boolean NOT NULL,
    is_active boolean NOT NULL,
    date_joined timestamp with time zone NOT NULL,
    is_senior boolean NOT NULL,
    last_login_date timestamp with time zone NOT NULL,
    status character varying(10) NOT NULL,
    "isAdmin" boolean DEFAULT false
);


ALTER TABLE public.users_user OWNER TO metrotrip_user;

--
-- Name: users_user_groups; Type: TABLE; Schema: public; Owner: metrotrip_user
--

CREATE TABLE public.users_user_groups (
    id bigint NOT NULL,
    user_id bigint NOT NULL,
    group_id integer NOT NULL
);


ALTER TABLE public.users_user_groups OWNER TO metrotrip_user;

--
-- Name: users_user_groups_id_seq; Type: SEQUENCE; Schema: public; Owner: metrotrip_user
--

ALTER TABLE public.users_user_groups ALTER COLUMN id ADD GENERATED BY DEFAULT AS IDENTITY (
    SEQUENCE NAME public.users_user_groups_id_seq
    START WITH 1
    INCREMENT BY 1
    NO MINVALUE
    NO MAXVALUE
    CACHE 1
);


--
-- Name: users_user_id_seq; Type: SEQUENCE; Schema: public; Owner: metrotrip_user
--

ALTER TABLE public.users_user ALTER COLUMN id ADD GENERATED BY DEFAULT AS IDENTITY (
    SEQUENCE NAME public.users_user_id_seq
    START WITH 1
    INCREMENT BY 1
    NO MINVALUE
    NO MAXVALUE
    CACHE 1
);


--
-- Name: users_user_user_permissions; Type: TABLE; Schema: public; Owner: metrotrip_user
--

CREATE TABLE public.users_user_user_permissions (
    id bigint NOT NULL,
    user_id bigint NOT NULL,
    permission_id integer NOT NULL
);


ALTER TABLE public.users_user_user_permissions OWNER TO metrotrip_user;

--
-- Name: users_user_user_permissions_id_seq; Type: SEQUENCE; Schema: public; Owner: metrotrip_user
--

ALTER TABLE public.users_user_user_permissions ALTER COLUMN id ADD GENERATED BY DEFAULT AS IDENTITY (
    SEQUENCE NAME public.users_user_user_permissions_id_seq
    START WITH 1
    INCREMENT BY 1
    NO MINVALUE
    NO MAXVALUE
    CACHE 1
);


--
-- Data for Name: auth_group; Type: TABLE DATA; Schema: public; Owner: metrotrip_user
--

COPY public.auth_group (id, name) FROM stdin;
\.


--
-- Data for Name: auth_group_permissions; Type: TABLE DATA; Schema: public; Owner: metrotrip_user
--

COPY public.auth_group_permissions (id, group_id, permission_id) FROM stdin;
\.


--
-- Data for Name: auth_permission; Type: TABLE DATA; Schema: public; Owner: metrotrip_user
--

COPY public.auth_permission (id, name, content_type_id, codename) FROM stdin;
1	Can add log entry	1	add_logentry
2	Can change log entry	1	change_logentry
3	Can delete log entry	1	delete_logentry
4	Can view log entry	1	view_logentry
5	Can add permission	2	add_permission
6	Can change permission	2	change_permission
7	Can delete permission	2	delete_permission
8	Can view permission	2	view_permission
9	Can add group	3	add_group
10	Can change group	3	change_group
11	Can delete group	3	delete_group
12	Can view group	3	view_group
13	Can add content type	4	add_contenttype
14	Can change content type	4	change_contenttype
15	Can delete content type	4	delete_contenttype
16	Can view content type	4	view_contenttype
17	Can add session	5	add_session
18	Can change session	5	change_session
19	Can delete session	5	delete_session
20	Can view session	5	view_session
21	Can add user	6	add_user
22	Can change user	6	change_user
23	Can delete user	6	delete_user
24	Can view user	6	view_user
25	Can add Командировка	7	add_businesstrip
26	Can change Командировка	7	change_businesstrip
27	Can delete Командировка	7	delete_businesstrip
28	Can view Командировка	7	view_businesstrip
29	Can add Организация	8	add_organization
30	Can change Организация	8	change_organization
31	Can delete Организация	8	delete_organization
32	Can view Организация	8	view_organization
33	Can add equipment record	9	add_equipmentrecord
34	Can change equipment record	9	change_equipmentrecord
35	Can delete equipment record	9	delete_equipmentrecord
36	Can view equipment record	9	view_equipmentrecord
37	Can add measurement type	10	add_measurementtype
38	Can change measurement type	10	change_measurementtype
39	Can delete measurement type	10	delete_measurementtype
40	Can view measurement type	10	view_measurementtype
\.


--
-- Data for Name: django_admin_log; Type: TABLE DATA; Schema: public; Owner: metrotrip_user
--

COPY public.django_admin_log (id, action_time, object_id, object_repr, action_flag, change_message, content_type_id, user_id) FROM stdin;
10	2025-07-08 12:43:24.525363+00	12	Олег	2	[{"changed": {"fields": ["First name", "Last name", "\\u0410\\u0434\\u043c\\u0438\\u043d (\\u0434\\u043e\\u0441\\u0442\\u0443\\u043f \\u043a \\u0441\\u0442\\u0430\\u0442\\u0438\\u0441\\u0442\\u0438\\u043a\\u0435)"]}}]	6	12
11	2025-07-13 07:33:06.658235+00	7	SERGEY	2	[{"changed": {"fields": ["\\u0410\\u0434\\u043c\\u0438\\u043d (\\u0434\\u043e\\u0441\\u0442\\u0443\\u043f \\u043a \\u0441\\u0442\\u0430\\u0442\\u0438\\u0441\\u0442\\u0438\\u043a\\u0435)"]}}]	6	12
12	2025-07-13 07:33:12.313925+00	7	SERGEY	2	[{"changed": {"fields": ["\\u0410\\u0434\\u043c\\u0438\\u043d (\\u0434\\u043e\\u0441\\u0442\\u0443\\u043f \\u043a \\u0441\\u0442\\u0430\\u0442\\u0438\\u0441\\u0442\\u0438\\u043a\\u0435)"]}}]	6	12
13	2025-07-17 15:18:12.012544+00	118	манометр - 71226	2	[{"changed": {"fields": ["Serial number", "Quantity"]}}]	9	12
14	2025-07-17 15:19:56.322772+00	136	Амперметр - 71226	2	[{"changed": {"fields": ["Serial number", "Quantity"]}}]	9	12
15	2025-07-17 15:20:31.349111+00	137	Вольтметр - 71226	2	[{"changed": {"fields": ["Serial number", "Quantity"]}}]	9	12
16	2025-07-17 15:21:12.262216+00	141	Амперметр - 71226	2	[{"changed": {"fields": ["Serial number", "Quantity"]}}]	9	12
17	2025-07-17 15:22:18.185111+00	143	Вольтметр - 71226	2	[{"changed": {"fields": ["Serial number", "Quantity"]}}]	9	12
18	2025-07-17 15:23:52.818607+00	144	Амперметр - 71226	2	[{"changed": {"fields": ["Serial number", "Quantity"]}}]	9	12
19	2025-07-17 15:26:15.145164+00	147	Амперметр - 71226	2	[{"changed": {"fields": ["Serial number", "Quantity"]}}]	9	12
20	2025-07-17 15:31:47.038757+00	14	sirj2929	2	[{"changed": {"fields": ["\\u0410\\u0434\\u043c\\u0438\\u043d (\\u0434\\u043e\\u0441\\u0442\\u0443\\u043f \\u043a \\u0441\\u0442\\u0430\\u0442\\u0438\\u0441\\u0442\\u0438\\u043a\\u0435)"]}}]	6	12
21	2025-07-17 15:32:42.77453+00	15	MerleWat	3		6	12
\.


--
-- Data for Name: django_content_type; Type: TABLE DATA; Schema: public; Owner: metrotrip_user
--

COPY public.django_content_type (id, app_label, model) FROM stdin;
1	admin	logentry
2	auth	permission
3	auth	group
4	contenttypes	contenttype
5	sessions	session
6	users	user
7	trips	businesstrip
8	trips	organization
9	equipment	equipmentrecord
10	equipment	measurementtype
\.


--
-- Data for Name: django_migrations; Type: TABLE DATA; Schema: public; Owner: metrotrip_user
--

COPY public.django_migrations (id, app, name, applied) FROM stdin;
1	contenttypes	0001_initial	2025-05-19 07:39:06.08745+00
2	contenttypes	0002_remove_content_type_name	2025-05-19 07:39:06.093445+00
3	auth	0001_initial	2025-05-19 07:39:06.16783+00
4	auth	0002_alter_permission_name_max_length	2025-05-19 07:39:06.171905+00
5	auth	0003_alter_user_email_max_length	2025-05-19 07:39:06.204648+00
6	auth	0004_alter_user_username_opts	2025-05-19 07:39:06.208565+00
7	auth	0005_alter_user_last_login_null	2025-05-19 07:39:06.21376+00
8	auth	0006_require_contenttypes_0002	2025-05-19 07:39:06.214717+00
9	auth	0007_alter_validators_add_error_messages	2025-05-19 07:39:06.217913+00
10	auth	0008_alter_user_username_max_length	2025-05-19 07:39:06.22119+00
11	auth	0009_alter_user_last_name_max_length	2025-05-19 07:39:06.224372+00
12	auth	0010_alter_group_name_max_length	2025-05-19 07:39:06.228839+00
13	auth	0011_update_proxy_permissions	2025-05-19 07:39:06.232324+00
14	auth	0012_alter_user_first_name_max_length	2025-05-19 07:39:06.236225+00
15	users	0001_initial	2025-05-19 07:39:06.352404+00
16	admin	0001_initial	2025-05-19 07:39:06.416325+00
17	admin	0002_logentry_remove_auto_add	2025-05-19 07:39:06.422342+00
18	admin	0003_logentry_add_action_flag_choices	2025-05-19 07:39:06.427997+00
23	sessions	0001_initial	2025-05-19 07:39:06.71119+00
25	users	0002_auto_20250708_1125	2025-07-08 08:25:35.908855+00
30	trips	0001_initial	2025-07-18 18:00:17.86085+00
37	equipment	0001_initial	2025-07-18 20:34:55.290395+00
38	trips	0002_organization_fixed_records_and_more	2025-07-18 20:34:55.31596+00
39	trips	0003_organization_fixed_until	2025-07-18 20:34:55.323654+00
40	trips	0004_organization_tech_staff_count_and_more	2025-07-18 20:34:55.337577+00
\.


--
-- Data for Name: django_session; Type: TABLE DATA; Schema: public; Owner: metrotrip_user
--

COPY public.django_session (session_key, session_data, expire_date) FROM stdin;
x9wrwxts5m75aa3ni3pwbhr1giot8scq	.eJxVjEsOAiEQRO_C2hAaws-le89AGmhk1EAyzKyMd1eSWeiy6r2qFwu4bzXsg9awZHZmINnpt4yYHtQmyXdst85Tb9u6RD4VftDBrz3T83K4fwcVR_2uEayTsviiPXlAq20CR0aAMkYgWSLUUgpvjSiejJJOC6uEynFmAPb-AOPzNu0:1uZ7f9:0DrIbOSMymMyhAv0KN0LbsiisSnrVKs5REdKFwLs4zc	2025-07-22 12:43:07.445545+00
8h1l8x1othy27tfqq9hf7mneh202wigr	.eJxVjEsOAiEQRO_C2hAaws-le89AGmhk1EAyzKyMd1eSWeiy6r2qFwu4bzXsg9awZHZmINnpt4yYHtQmyXdst85Tb9u6RD4VftDBrz3T83K4fwcVR_2uEayTsviiPXlAq20CR0aAMkYgWSLUUgpvjSiejJJOC6uEynFmAPb-AOPzNu0:1uZBvB:oPfhV_76wQ7gu_LmM5BN_Ox8Vm4D1sGzte9_Gi_WfFE	2025-07-22 17:15:57.195979+00
te4hcwu4ia0sz1uw0t9i9aaekppw61un	.eJxVjMsOwiAURP-FtSGXp-DSvd9AgMuVqoGktCvjv9smXWgyqzln5s1CXJca1lHmMCG7MMFOv12K-VnaDvAR273z3NsyT4nvCj_o4LeO5XU93L-DGkfd1jFpIEVWgN8ioXhBzmUJkAwobbw6oxMmayEIokRV0FskU0hqk71lny-6FDcJ:1uGvld:r-gPpa5McpHH0kGQtLmE90qtuMSpzdlXZkxMqR6yok0	2025-06-02 08:22:37.348421+00
bvmouwplnvqzaa74h6kvkd64fvz1tlex	.eJxVjDsOwyAQRO9CHSF-BjZlep8BrWEJTiKQjF1FuXtsyUVSjTTvzbxZwG0tYeu0hDmxK9Ps8ttNGJ9UD5AeWO-Nx1bXZZ74ofCTdj62RK_b6f4dFOxlX0sdrQMEBTKjEEOE7IXSBrQ1Tu5J3gISYYzgCKSEIStUTlhpvTaJfb62XTad:1uGxZV:2tyoaEsVnymQ4ayqYOKASOz0TuChJDuhcg1-BR_4kWA	2025-06-02 10:18:13.636554+00
am9vjr65q21zu75mmtb4d7vq50lx56fl	.eJxVjDsOwjAQBe_iGln-ZI2hpOcM1np3jQPIkeKkQtwdIqWA9s3Me6mE61LT2mVOI6uzsl4dfseM9JC2Eb5ju02aprbMY9abonfa9XVieV529--gYq_f2rEtdrDFE0ZjvEMLIebgKVPB4JENI3A5RTQBgMALW3FuiEAhohzV-wMMxjhN:1uaTm9:8ecME32c2F_j18GgOgPa6zpIgl5FIj-ONnFihWxVKU4	2025-07-26 06:31:57.827165+00
6slfcfmomwgpir4xeyj0xi3gwh26zgc0	.eJxVjDsOwjAQBe_iGln-rdempOcMlj9rHECOFCcV4u4QKQW0b2bei4W4rS1sg5YwFXZmEtjpd0wxP6jvpNxjv808z31dpsR3hR908Otc6Hk53L-DFkf71hkJShaEJlZSqGOpViNgclYpqlU4Dw7IGiAhLaAW2mfrpcFCVI1j7w8SzjfN:1ubPSM:Yu-ygE4DqD2Cm6OyiY1hdgXsWpU3s6so5GeeEhWbHC4	2025-07-28 20:07:22.129523+00
tcd7d2taoxmvem244yuz0swu8l29o7fj	.eJxVjEEOwiAQRe_C2pCWKTC4dO8ZyDBMpWpoUtqV8e7apAvd_vfef6lI21ri1mSJU1ZnNajT75aIH1J3kO9Ub7Pmua7LlPSu6IM2fZ2zPC-H-3dQqJVvjRk7sMiegfPI5C1Yj9z75J2QOJSAKYCnAQwCUuAO-zEEI2zRsFPvD-P_N6M:1uISG2:oI6wbFVjRiagK9t78_Vg2yaazIkPC_CKAKvxBhAuu4w	2025-06-06 13:16:18.024627+00
3ixbdfr44aibkd755xzbwfsm2pn75dt9	.eJxVjEEOwiAURO_C2hBARHDpvmcgn_8nUjU0Ke3KeHdt0oVu5703L5VpXWpeO-Y8irqoqA6_WyF-oG1A7tRuk-apLfNY9KbonXY9TILndXf_Dir1-q0hDMClYGOAOJyP3hnvYyE6CScSi2KdJEkhFYbxobAzMM5YJmuh3h8OQziv:1ucPZA:kaYR0nW5MsB3OTz5VFdM8MsJ3-vyBdmFDI-dlleUF7A	2025-07-31 14:26:32.453114+00
hleujyrhokorqko98wbh086rxoe7ajmv	.eJxVjEEOwiAQRe_C2pCBtgy6dN8zkIGZStVAUtqV8e7apAvd_vfef6lA25rD1mQJM6uLQnX63SKlh5Qd8J3KrepUy7rMUe-KPmjTY2V5Xg_37yBTy9_auMgevJ8AQDwwYYds2RgHQkwddmfLjv3A02D7PhqEFB2icVaMAKj3B9MuNzE:1ucQ78:2Rowl75WKEHxYXTU5zJYJQWUtdIcDkTwqOZBMnXBsok	2025-07-31 15:01:38.19789+00
yns4hn9i6qvqvfcmwuhsdwi8juu6e71o	.eJxVjEEOwiAQRe_C2hCg0KEu3XsGMjCDVA0kpV0Z765NutDtf-_9lwi4rSVsnZcwkzgLbcXpd4yYHlx3QnestyZTq-syR7kr8qBdXhvx83K4fwcFe_nW2fk00Kh1AobIlpxOk_LMSCmDHjPYAQC9IhW9R--MoWFSqBnYRHLi_QEcEDhu:1uckYA:w7zW4vODE2-CvXdPPuPMT8SWZ-Bf-HnUWTbidr8PEK8	2025-08-01 12:50:54.953935+00
z45jc6xkbwutsmudo28yp24tdxflfx69	.eJxVjEsOAiEQRO_C2hAaws-le89AGmhk1EAyzKyMd1eSWeiy6r2qFwu4bzXsg9awZHZmINnpt4yYHtQmyXdst85Tb9u6RD4VftDBrz3T83K4fwcVR_2uEayTsviiPXlAq20CR0aAMkYgWSLUUgpvjSiejJJOC6uEynFmAPb-AOPzNu0:1ucrTA:GnD8wAY2adsWqA2OqdTX5WA15Y_viNpQYTajjaRUtyI	2025-08-01 20:14:12.890925+00
q1nvtv1f2kt4utl1zeudrdv8b07t6twm	.eJxVjDsOwjAQBe_iGll28C-U9DmDtd5d4wCypTipEHeHSCmgfTPzXiLCtpa4dV7iTOIigjj9bgnwwXUHdId6axJbXZc5yV2RB-1yasTP6-H-HRTo5VtzGLwLfjQ-K85WKU3GQUIDZ-10Iq2zM2DBeQXAnMKIwWRMZJEyDlq8P-EKOI8:1uR3c7:tXk-loXkhxuymwu78WSZ_N_4_XwuZ4X9J8eDP4ze8Dw	2025-06-30 06:46:39.877662+00
ocxfr44gz6r7vstx56c1xpfvqrokchb7	.eJxVjDsOwjAQBe_iGll28C-U9DmDtd5d4wCypTipEHeHSCmgfTPzXiLCtpa4dV7iTOIigjj9bgnwwXUHdId6axJbXZc5yV2RB-1yasTP6-H-HRTo5VtzGLwLfjQ-K85WKU3GQUIDZ-10Iq2zM2DBeQXAnMKIwWRMZJEyDlq8P-EKOI8:1uR3dN:1NTFB_zVUYzHLoVGr0VVhObPtrKcm1rbQjqdeQuzD64	2025-06-30 06:47:57.02654+00
4cowc398yebhun2vzhglwjscmc6fzmav	.eJxVjDsOwjAQBe_iGln-x1DScwZrd73GAeRIcVIh7o4spYD2zcx7iwT7VtPeeU1zFhcRxOl3Q6AntwHyA9p9kbS0bZ1RDkUetMvbkvl1Pdy_gwq9jpomBA8uaEIbMdBkMLCyHF0MFozP4NCzKRGIqEAhPFMwVhulVYwgPl8KfDiv:1uRSBQ:RvsKE11_smDo07yU8EiKEBGrrmqzgepDdAHCwAz09cw	2025-07-01 09:00:44.865054+00
5saxevj5is8hllbc427nvukvnhiksic7	.eJxVjEEOwiAURO_C2hBARHDpvmcgn_8nUjU0Ke3KeHdt0oVu5703L5VpXWpeO-Y8irqoqA6_WyF-oG1A7tRuk-apLfNY9KbonXY9TILndXf_Dir1-q0hDMClYGOAOJyP3hnvYyE6CScSi2KdJEkhFYbxobAzMM5YJmuh3h8OQziv:1uTL1g:UBMDf-wucGAC9PJw1-wwN8Is8XCRvN0HJC1gWGw5G5I	2025-07-06 13:46:28.15071+00
mw8impgx519epfdumalh78ryb4t1bfgq	.eJxVjDEOAiEQRe9CbQgMLjCW9p6BMDDKqoFk2a2Md1eSLbT9773_EiFuawlb5yXMWZyEFYffjWJ6cB0g32O9NZlaXZeZ5FDkTru8tMzP8-7-HZTYy7f2iKCyoslEHxN6R9owTEfUnBgoocGrBTbgDDmPeSAm0splsNon8f4A0hc3Vw:1uTLRT:JQKF7dIZVM8g9wGI0nAk8RNmrInsakJsc8ejlWLcQuo	2025-07-06 14:13:07.895239+00
ghfg6ex7wmkcbl8qsj3qmafh3rlatjz8	.eJxVjEEOwiAURO_C2hBARHDpvmcgn_8nUjU0Ke3KeHdt0oVu5703L5VpXWpeO-Y8irqoqA6_WyF-oG1A7tRuk-apLfNY9KbonXY9TILndXf_Dir1-q0hDMClYGOAOJyP3hnvYyE6CScSi2KdJEkhFYbxobAzMM5YJmuh3h8OQziv:1uTZ2e:KsBz0BUX_fH3PZtoW0tHRwSBrWizX7q1Wk2jJ7bHu3k	2025-07-07 04:44:24.496944+00
mkw617z37k6rvkyjh855kv7j8qfuxce4	.eJxVjEEOwiAQRe_C2pCBtgy6dN8zkIGZStVAUtqV8e7apAvd_vfef6lA25rD1mQJM6uLQnX63SKlh5Qd8J3KrepUy7rMUe-KPmjTY2V5Xg_37yBTy9_auMgevJ8AQDwwYYds2RgHQkwddmfLjv3A02D7PhqEFB2icVaMAKj3B9MuNzE:1uTZuP:xWsTIj24g3Bs6RsBRHLUqwuz-2wK9PKqm8OyUnX11xc	2025-07-07 05:39:57.437043+00
nwnr7uoyjgo8olocad415f82qxmkwxcf	.eJxVjDEOAiEQRe9CbQgMLjCW9p6BMDDKqoFk2a2Md1eSLbT9773_EiFuawlb5yXMWZyEFYffjWJ6cB0g32O9NZlaXZeZ5FDkTru8tMzP8-7-HZTYy7f2iKCyoslEHxN6R9owTEfUnBgoocGrBTbgDDmPeSAm0splsNon8f4A0hc3Vw:1uTaNw:x41muykFm5-sEUohD_U6keZTjc-1PCblnrqAHsF2QuU	2025-07-07 06:10:28.498399+00
aat5mx9oxmml8zc5mh55yymric8lr2y6	.eJxVjEEOwiAURO_C2hBARHDpvmcgn_8nUjU0Ke3KeHdt0oVu5703L5VpXWpeO-Y8irqoqA6_WyF-oG1A7tRuk-apLfNY9KbonXY9TILndXf_Dir1-q0hDMClYGOAOJyP3hnvYyE6CScSi2KdJEkhFYbxobAzMM5YJmuh3h8OQziv:1uWeiY:ZkQ3Gy4Ciz6USWrmjs7ZfmcgIAfTRDVQo7KuAcrr4PE	2025-07-15 17:24:26.450802+00
03xms0j9ev2iohdvoilmkqbumqvwvcvr	.eJxVjEEOwiAURO_C2hBARHDpvmcgn_8nUjU0Ke3KeHdt0oVu5703L5VpXWpeO-Y8irqoqA6_WyF-oG1A7tRuk-apLfNY9KbonXY9TILndXf_Dir1-q0hDMClYGOAOJyP3hnvYyE6CScSi2KdJEkhFYbxobAzMM5YJmuh3h8OQziv:1uWqnN:p0ZztSqUu4P_vFsU_g4Y6810AAtr9lZVxQjRez46LvM	2025-07-16 06:18:13.108257+00
flguiowar6xdefiiokd4mgr3cy2905fh	.eJxVjDsOwjAQBe_iGlm7-AeU9JzBWq_XOIBiKU4qxN1JpBTQzsx7bxVpmWtcukxxyOqizurwyxLxU8ZN5AeN96a5jfM0JL0lerdd31qW13Vv_w4q9bqu-VhydsCEgqYwliSW5AQYEAQCMgMZ8B69MeSNCJTAzueVOOvZqs8XAUg34w:1uZ38D:HxMORUwic5-mb2xd-ze8ZPHV_d4eWEWZAFCKqUh0x_M	2025-07-22 07:52:49.103964+00
\.


--
-- Data for Name: equipment_equipmentrecord; Type: TABLE DATA; Schema: public; Owner: metrotrip_user
--

COPY public.equipment_equipmentrecord (id, name, device_type, serial_number, quantity, tech_name, status, notes, date_created, organization_id, user_id, measurement_type_id) FROM stdin;
\.


--
-- Data for Name: equipment_measurementtype; Type: TABLE DATA; Schema: public; Owner: metrotrip_user
--

COPY public.equipment_measurementtype (id, name) FROM stdin;
\.


--
-- Data for Name: trips_businesstrip; Type: TABLE DATA; Schema: public; Owner: metrotrip_user
--

COPY public.trips_businesstrip (id, name, start_date, end_date, city, senior_id) FROM stdin;
7	Знаменская командировка	2025-07-10	\N	Знаменск	12
\.


--
-- Data for Name: trips_organization; Type: TABLE DATA; Schema: public; Owner: metrotrip_user
--

COPY public.trips_organization (id, name, created_date, is_closed, trip_id, last_fixed_at, fixed_until, tech_staff_count, tech_staff_fixed) FROM stdin;
20	15644	2025-07-10	f	7	\N	\N	0	\N
22	48315	2025-07-10	f	7	\N	\N	0	\N
23	47209	2025-07-10	f	7	\N	\N	0	\N
24	21043	2025-07-10	f	7	\N	\N	0	\N
21	71226	2025-07-10	f	7	\N	\N	0	\N
\.


--
-- Data for Name: trips_organization_fixed_records; Type: TABLE DATA; Schema: public; Owner: metrotrip_user
--

COPY public.trips_organization_fixed_records (id, organization_id, equipmentrecord_id) FROM stdin;
\.


--
-- Data for Name: users_user; Type: TABLE DATA; Schema: public; Owner: metrotrip_user
--

COPY public.users_user (id, password, last_login, is_superuser, username, first_name, last_name, email, is_staff, is_active, date_joined, is_senior, last_login_date, status, "isAdmin") FROM stdin;
8	pbkdf2_sha256$600000$EUhB22yY6gwzrByTrC4mRh$T3tDCfWRAJtcUIwwVVulDIqYFn6twCDGEIGhvoFsoww=	2025-07-17 14:26:32.448526+00	f	Игорь	Игорь	Левин	halo19909050@gmail.com	f	t	2025-06-16 06:46:39.481245+00	f	2025-07-17 14:26:32.450943+00	active	f
7	pbkdf2_sha256$600000$DhcJrVJtQ7id1ODhOaquKI$Rj8IiNonH59uRwt0aWTl6zTIEEQgdZKuphTzJQDM6lA=	2025-07-17 15:01:38.194416+00	f	SERGEY	Сергей	Ирюпин	iryupin87@inbox.ru	f	t	2025-06-16 04:37:13+00	f	2025-07-17 15:01:38.196249+00	active	f
14	pbkdf2_sha256$600000$LdfoqDT7yhq3n8m05mMqg3$2Ogy+6L6ebQi5GINqgcWH/rzlfjp2r8MGyo1lUw3ttk=	2025-07-18 12:50:54.950666+00	f	sirj2929	Сергей	Щербаков	sirj2929@mail.ru	f	t	2025-07-14 10:57:21+00	f	2025-07-18 12:50:54.952424+00	active	t
12	pbkdf2_sha256$600000$AJ7uJvNrF9nQrbT8QBQWSr$nAUT5MbwUZXvNkGO8oCFy84Q6VmcW2ke+/6U6NgrXto=	2025-07-18 20:14:12.887561+00	t	Олег	Олег	Овсянников	parkwood2702@yandex.ru	t	t	2025-07-08 12:43:00+00	f	2025-07-18 20:14:12.889227+00	active	t
13	pbkdf2_sha256$600000$bMUcY6mUmDJq50yzBiWjRP$vy+YWG6tNnaLBe71sM25lCkRNKVUjevZbBGlQpWBwHY=	2025-07-12 06:31:57.82456+00	f	Denis	Денис	Филиппенко	Denis-Zuzin@mail.ru	f	t	2025-07-12 06:31:57.594082+00	f	2025-07-12 06:31:57.594092+00	active	f
\.


--
-- Data for Name: users_user_groups; Type: TABLE DATA; Schema: public; Owner: metrotrip_user
--

COPY public.users_user_groups (id, user_id, group_id) FROM stdin;
\.


--
-- Data for Name: users_user_user_permissions; Type: TABLE DATA; Schema: public; Owner: metrotrip_user
--

COPY public.users_user_user_permissions (id, user_id, permission_id) FROM stdin;
\.


--
-- Name: auth_group_id_seq; Type: SEQUENCE SET; Schema: public; Owner: metrotrip_user
--

SELECT pg_catalog.setval('public.auth_group_id_seq', 1, false);


--
-- Name: auth_group_permissions_id_seq; Type: SEQUENCE SET; Schema: public; Owner: metrotrip_user
--

SELECT pg_catalog.setval('public.auth_group_permissions_id_seq', 1, false);


--
-- Name: auth_permission_id_seq; Type: SEQUENCE SET; Schema: public; Owner: metrotrip_user
--

SELECT pg_catalog.setval('public.auth_permission_id_seq', 40, true);


--
-- Name: django_admin_log_id_seq; Type: SEQUENCE SET; Schema: public; Owner: metrotrip_user
--

SELECT pg_catalog.setval('public.django_admin_log_id_seq', 21, true);


--
-- Name: django_content_type_id_seq; Type: SEQUENCE SET; Schema: public; Owner: metrotrip_user
--

SELECT pg_catalog.setval('public.django_content_type_id_seq', 10, true);


--
-- Name: django_migrations_id_seq; Type: SEQUENCE SET; Schema: public; Owner: metrotrip_user
--

SELECT pg_catalog.setval('public.django_migrations_id_seq', 40, true);


--
-- Name: equipment_equipmentrecord_id_seq; Type: SEQUENCE SET; Schema: public; Owner: metrotrip_user
--

SELECT pg_catalog.setval('public.equipment_equipmentrecord_id_seq', 1, false);


--
-- Name: equipment_measurementtype_id_seq; Type: SEQUENCE SET; Schema: public; Owner: metrotrip_user
--

SELECT pg_catalog.setval('public.equipment_measurementtype_id_seq', 1, false);


--
-- Name: trips_businesstrip_id_seq; Type: SEQUENCE SET; Schema: public; Owner: metrotrip_user
--

SELECT pg_catalog.setval('public.trips_businesstrip_id_seq', 7, true);


--
-- Name: trips_organization_fixed_records_id_seq; Type: SEQUENCE SET; Schema: public; Owner: metrotrip_user
--

SELECT pg_catalog.setval('public.trips_organization_fixed_records_id_seq', 1, false);


--
-- Name: trips_organization_id_seq; Type: SEQUENCE SET; Schema: public; Owner: metrotrip_user
--

SELECT pg_catalog.setval('public.trips_organization_id_seq', 24, true);


--
-- Name: users_user_groups_id_seq; Type: SEQUENCE SET; Schema: public; Owner: metrotrip_user
--

SELECT pg_catalog.setval('public.users_user_groups_id_seq', 1, false);


--
-- Name: users_user_id_seq; Type: SEQUENCE SET; Schema: public; Owner: metrotrip_user
--

SELECT pg_catalog.setval('public.users_user_id_seq', 15, true);


--
-- Name: users_user_user_permissions_id_seq; Type: SEQUENCE SET; Schema: public; Owner: metrotrip_user
--

SELECT pg_catalog.setval('public.users_user_user_permissions_id_seq', 1, false);


--
-- Name: auth_group auth_group_name_key; Type: CONSTRAINT; Schema: public; Owner: metrotrip_user
--

ALTER TABLE ONLY public.auth_group
    ADD CONSTRAINT auth_group_name_key UNIQUE (name);


--
-- Name: auth_group_permissions auth_group_permissions_group_id_permission_id_0cd325b0_uniq; Type: CONSTRAINT; Schema: public; Owner: metrotrip_user
--

ALTER TABLE ONLY public.auth_group_permissions
    ADD CONSTRAINT auth_group_permissions_group_id_permission_id_0cd325b0_uniq UNIQUE (group_id, permission_id);


--
-- Name: auth_group_permissions auth_group_permissions_pkey; Type: CONSTRAINT; Schema: public; Owner: metrotrip_user
--

ALTER TABLE ONLY public.auth_group_permissions
    ADD CONSTRAINT auth_group_permissions_pkey PRIMARY KEY (id);


--
-- Name: auth_group auth_group_pkey; Type: CONSTRAINT; Schema: public; Owner: metrotrip_user
--

ALTER TABLE ONLY public.auth_group
    ADD CONSTRAINT auth_group_pkey PRIMARY KEY (id);


--
-- Name: auth_permission auth_permission_content_type_id_codename_01ab375a_uniq; Type: CONSTRAINT; Schema: public; Owner: metrotrip_user
--

ALTER TABLE ONLY public.auth_permission
    ADD CONSTRAINT auth_permission_content_type_id_codename_01ab375a_uniq UNIQUE (content_type_id, codename);


--
-- Name: auth_permission auth_permission_pkey; Type: CONSTRAINT; Schema: public; Owner: metrotrip_user
--

ALTER TABLE ONLY public.auth_permission
    ADD CONSTRAINT auth_permission_pkey PRIMARY KEY (id);


--
-- Name: django_admin_log django_admin_log_pkey; Type: CONSTRAINT; Schema: public; Owner: metrotrip_user
--

ALTER TABLE ONLY public.django_admin_log
    ADD CONSTRAINT django_admin_log_pkey PRIMARY KEY (id);


--
-- Name: django_content_type django_content_type_app_label_model_76bd3d3b_uniq; Type: CONSTRAINT; Schema: public; Owner: metrotrip_user
--

ALTER TABLE ONLY public.django_content_type
    ADD CONSTRAINT django_content_type_app_label_model_76bd3d3b_uniq UNIQUE (app_label, model);


--
-- Name: django_content_type django_content_type_pkey; Type: CONSTRAINT; Schema: public; Owner: metrotrip_user
--

ALTER TABLE ONLY public.django_content_type
    ADD CONSTRAINT django_content_type_pkey PRIMARY KEY (id);


--
-- Name: django_migrations django_migrations_pkey; Type: CONSTRAINT; Schema: public; Owner: metrotrip_user
--

ALTER TABLE ONLY public.django_migrations
    ADD CONSTRAINT django_migrations_pkey PRIMARY KEY (id);


--
-- Name: django_session django_session_pkey; Type: CONSTRAINT; Schema: public; Owner: metrotrip_user
--

ALTER TABLE ONLY public.django_session
    ADD CONSTRAINT django_session_pkey PRIMARY KEY (session_key);


--
-- Name: equipment_equipmentrecord equipment_equipmentrecord_pkey; Type: CONSTRAINT; Schema: public; Owner: metrotrip_user
--

ALTER TABLE ONLY public.equipment_equipmentrecord
    ADD CONSTRAINT equipment_equipmentrecord_pkey PRIMARY KEY (id);


--
-- Name: equipment_measurementtype equipment_measurementtype_pkey; Type: CONSTRAINT; Schema: public; Owner: metrotrip_user
--

ALTER TABLE ONLY public.equipment_measurementtype
    ADD CONSTRAINT equipment_measurementtype_pkey PRIMARY KEY (id);


--
-- Name: trips_businesstrip trips_businesstrip_pkey; Type: CONSTRAINT; Schema: public; Owner: metrotrip_user
--

ALTER TABLE ONLY public.trips_businesstrip
    ADD CONSTRAINT trips_businesstrip_pkey PRIMARY KEY (id);


--
-- Name: trips_organization_fixed_records trips_organization_fixed_organization_id_equipmen_2a1e8879_uniq; Type: CONSTRAINT; Schema: public; Owner: metrotrip_user
--

ALTER TABLE ONLY public.trips_organization_fixed_records
    ADD CONSTRAINT trips_organization_fixed_organization_id_equipmen_2a1e8879_uniq UNIQUE (organization_id, equipmentrecord_id);


--
-- Name: trips_organization_fixed_records trips_organization_fixed_records_pkey; Type: CONSTRAINT; Schema: public; Owner: metrotrip_user
--

ALTER TABLE ONLY public.trips_organization_fixed_records
    ADD CONSTRAINT trips_organization_fixed_records_pkey PRIMARY KEY (id);


--
-- Name: trips_organization trips_organization_pkey; Type: CONSTRAINT; Schema: public; Owner: metrotrip_user
--

ALTER TABLE ONLY public.trips_organization
    ADD CONSTRAINT trips_organization_pkey PRIMARY KEY (id);


--
-- Name: users_user_groups users_user_groups_pkey; Type: CONSTRAINT; Schema: public; Owner: metrotrip_user
--

ALTER TABLE ONLY public.users_user_groups
    ADD CONSTRAINT users_user_groups_pkey PRIMARY KEY (id);


--
-- Name: users_user_groups users_user_groups_user_id_group_id_b88eab82_uniq; Type: CONSTRAINT; Schema: public; Owner: metrotrip_user
--

ALTER TABLE ONLY public.users_user_groups
    ADD CONSTRAINT users_user_groups_user_id_group_id_b88eab82_uniq UNIQUE (user_id, group_id);


--
-- Name: users_user users_user_pkey; Type: CONSTRAINT; Schema: public; Owner: metrotrip_user
--

ALTER TABLE ONLY public.users_user
    ADD CONSTRAINT users_user_pkey PRIMARY KEY (id);


--
-- Name: users_user_user_permissions users_user_user_permissions_pkey; Type: CONSTRAINT; Schema: public; Owner: metrotrip_user
--

ALTER TABLE ONLY public.users_user_user_permissions
    ADD CONSTRAINT users_user_user_permissions_pkey PRIMARY KEY (id);


--
-- Name: users_user_user_permissions users_user_user_permissions_user_id_permission_id_43338c45_uniq; Type: CONSTRAINT; Schema: public; Owner: metrotrip_user
--

ALTER TABLE ONLY public.users_user_user_permissions
    ADD CONSTRAINT users_user_user_permissions_user_id_permission_id_43338c45_uniq UNIQUE (user_id, permission_id);


--
-- Name: users_user users_user_username_key; Type: CONSTRAINT; Schema: public; Owner: metrotrip_user
--

ALTER TABLE ONLY public.users_user
    ADD CONSTRAINT users_user_username_key UNIQUE (username);


--
-- Name: auth_group_name_a6ea08ec_like; Type: INDEX; Schema: public; Owner: metrotrip_user
--

CREATE INDEX auth_group_name_a6ea08ec_like ON public.auth_group USING btree (name varchar_pattern_ops);


--
-- Name: auth_group_permissions_group_id_b120cbf9; Type: INDEX; Schema: public; Owner: metrotrip_user
--

CREATE INDEX auth_group_permissions_group_id_b120cbf9 ON public.auth_group_permissions USING btree (group_id);


--
-- Name: auth_group_permissions_permission_id_84c5c92e; Type: INDEX; Schema: public; Owner: metrotrip_user
--

CREATE INDEX auth_group_permissions_permission_id_84c5c92e ON public.auth_group_permissions USING btree (permission_id);


--
-- Name: auth_permission_content_type_id_2f476e4b; Type: INDEX; Schema: public; Owner: metrotrip_user
--

CREATE INDEX auth_permission_content_type_id_2f476e4b ON public.auth_permission USING btree (content_type_id);


--
-- Name: django_admin_log_content_type_id_c4bce8eb; Type: INDEX; Schema: public; Owner: metrotrip_user
--

CREATE INDEX django_admin_log_content_type_id_c4bce8eb ON public.django_admin_log USING btree (content_type_id);


--
-- Name: django_admin_log_user_id_c564eba6; Type: INDEX; Schema: public; Owner: metrotrip_user
--

CREATE INDEX django_admin_log_user_id_c564eba6 ON public.django_admin_log USING btree (user_id);


--
-- Name: django_session_expire_date_a5c62663; Type: INDEX; Schema: public; Owner: metrotrip_user
--

CREATE INDEX django_session_expire_date_a5c62663 ON public.django_session USING btree (expire_date);


--
-- Name: django_session_session_key_c0390e0f_like; Type: INDEX; Schema: public; Owner: metrotrip_user
--

CREATE INDEX django_session_session_key_c0390e0f_like ON public.django_session USING btree (session_key varchar_pattern_ops);


--
-- Name: equipment_equipmentrecord_measurement_type_id_e2df3876; Type: INDEX; Schema: public; Owner: metrotrip_user
--

CREATE INDEX equipment_equipmentrecord_measurement_type_id_e2df3876 ON public.equipment_equipmentrecord USING btree (measurement_type_id);


--
-- Name: equipment_equipmentrecord_organization_id_6f6960e3; Type: INDEX; Schema: public; Owner: metrotrip_user
--

CREATE INDEX equipment_equipmentrecord_organization_id_6f6960e3 ON public.equipment_equipmentrecord USING btree (organization_id);


--
-- Name: equipment_equipmentrecord_user_id_8f691968; Type: INDEX; Schema: public; Owner: metrotrip_user
--

CREATE INDEX equipment_equipmentrecord_user_id_8f691968 ON public.equipment_equipmentrecord USING btree (user_id);


--
-- Name: trips_organization_fixed_records_equipmentrecord_id_243f7581; Type: INDEX; Schema: public; Owner: metrotrip_user
--

CREATE INDEX trips_organization_fixed_records_equipmentrecord_id_243f7581 ON public.trips_organization_fixed_records USING btree (equipmentrecord_id);


--
-- Name: trips_organization_fixed_records_organization_id_9f8165e9; Type: INDEX; Schema: public; Owner: metrotrip_user
--

CREATE INDEX trips_organization_fixed_records_organization_id_9f8165e9 ON public.trips_organization_fixed_records USING btree (organization_id);


--
-- Name: trips_organization_trip_id_89c2cebe; Type: INDEX; Schema: public; Owner: metrotrip_user
--

CREATE INDEX trips_organization_trip_id_89c2cebe ON public.trips_organization USING btree (trip_id);


--
-- Name: users_user_groups_group_id_9afc8d0e; Type: INDEX; Schema: public; Owner: metrotrip_user
--

CREATE INDEX users_user_groups_group_id_9afc8d0e ON public.users_user_groups USING btree (group_id);


--
-- Name: users_user_groups_user_id_5f6f5a90; Type: INDEX; Schema: public; Owner: metrotrip_user
--

CREATE INDEX users_user_groups_user_id_5f6f5a90 ON public.users_user_groups USING btree (user_id);


--
-- Name: users_user_user_permissions_permission_id_0b93982e; Type: INDEX; Schema: public; Owner: metrotrip_user
--

CREATE INDEX users_user_user_permissions_permission_id_0b93982e ON public.users_user_user_permissions USING btree (permission_id);


--
-- Name: users_user_user_permissions_user_id_20aca447; Type: INDEX; Schema: public; Owner: metrotrip_user
--

CREATE INDEX users_user_user_permissions_user_id_20aca447 ON public.users_user_user_permissions USING btree (user_id);


--
-- Name: users_user_username_06e46fe6_like; Type: INDEX; Schema: public; Owner: metrotrip_user
--

CREATE INDEX users_user_username_06e46fe6_like ON public.users_user USING btree (username varchar_pattern_ops);


--
-- Name: auth_group_permissions auth_group_permissio_permission_id_84c5c92e_fk_auth_perm; Type: FK CONSTRAINT; Schema: public; Owner: metrotrip_user
--

ALTER TABLE ONLY public.auth_group_permissions
    ADD CONSTRAINT auth_group_permissio_permission_id_84c5c92e_fk_auth_perm FOREIGN KEY (permission_id) REFERENCES public.auth_permission(id) DEFERRABLE INITIALLY DEFERRED;


--
-- Name: auth_group_permissions auth_group_permissions_group_id_b120cbf9_fk_auth_group_id; Type: FK CONSTRAINT; Schema: public; Owner: metrotrip_user
--

ALTER TABLE ONLY public.auth_group_permissions
    ADD CONSTRAINT auth_group_permissions_group_id_b120cbf9_fk_auth_group_id FOREIGN KEY (group_id) REFERENCES public.auth_group(id) DEFERRABLE INITIALLY DEFERRED;


--
-- Name: auth_permission auth_permission_content_type_id_2f476e4b_fk_django_co; Type: FK CONSTRAINT; Schema: public; Owner: metrotrip_user
--

ALTER TABLE ONLY public.auth_permission
    ADD CONSTRAINT auth_permission_content_type_id_2f476e4b_fk_django_co FOREIGN KEY (content_type_id) REFERENCES public.django_content_type(id) DEFERRABLE INITIALLY DEFERRED;


--
-- Name: django_admin_log django_admin_log_content_type_id_c4bce8eb_fk_django_co; Type: FK CONSTRAINT; Schema: public; Owner: metrotrip_user
--

ALTER TABLE ONLY public.django_admin_log
    ADD CONSTRAINT django_admin_log_content_type_id_c4bce8eb_fk_django_co FOREIGN KEY (content_type_id) REFERENCES public.django_content_type(id) DEFERRABLE INITIALLY DEFERRED;


--
-- Name: django_admin_log django_admin_log_user_id_c564eba6_fk_users_user_id; Type: FK CONSTRAINT; Schema: public; Owner: metrotrip_user
--

ALTER TABLE ONLY public.django_admin_log
    ADD CONSTRAINT django_admin_log_user_id_c564eba6_fk_users_user_id FOREIGN KEY (user_id) REFERENCES public.users_user(id) DEFERRABLE INITIALLY DEFERRED;


--
-- Name: equipment_equipmentrecord equipment_equipmentr_measurement_type_id_e2df3876_fk_equipment; Type: FK CONSTRAINT; Schema: public; Owner: metrotrip_user
--

ALTER TABLE ONLY public.equipment_equipmentrecord
    ADD CONSTRAINT equipment_equipmentr_measurement_type_id_e2df3876_fk_equipment FOREIGN KEY (measurement_type_id) REFERENCES public.equipment_measurementtype(id) DEFERRABLE INITIALLY DEFERRED;


--
-- Name: equipment_equipmentrecord equipment_equipmentr_organization_id_6f6960e3_fk_trips_org; Type: FK CONSTRAINT; Schema: public; Owner: metrotrip_user
--

ALTER TABLE ONLY public.equipment_equipmentrecord
    ADD CONSTRAINT equipment_equipmentr_organization_id_6f6960e3_fk_trips_org FOREIGN KEY (organization_id) REFERENCES public.trips_organization(id) DEFERRABLE INITIALLY DEFERRED;


--
-- Name: equipment_equipmentrecord equipment_equipmentrecord_user_id_8f691968_fk_users_user_id; Type: FK CONSTRAINT; Schema: public; Owner: metrotrip_user
--

ALTER TABLE ONLY public.equipment_equipmentrecord
    ADD CONSTRAINT equipment_equipmentrecord_user_id_8f691968_fk_users_user_id FOREIGN KEY (user_id) REFERENCES public.users_user(id) DEFERRABLE INITIALLY DEFERRED;


--
-- Name: trips_organization_fixed_records trips_organization_f_equipmentrecord_id_243f7581_fk_equipment; Type: FK CONSTRAINT; Schema: public; Owner: metrotrip_user
--

ALTER TABLE ONLY public.trips_organization_fixed_records
    ADD CONSTRAINT trips_organization_f_equipmentrecord_id_243f7581_fk_equipment FOREIGN KEY (equipmentrecord_id) REFERENCES public.equipment_equipmentrecord(id) DEFERRABLE INITIALLY DEFERRED;


--
-- Name: trips_organization_fixed_records trips_organization_f_organization_id_9f8165e9_fk_trips_org; Type: FK CONSTRAINT; Schema: public; Owner: metrotrip_user
--

ALTER TABLE ONLY public.trips_organization_fixed_records
    ADD CONSTRAINT trips_organization_f_organization_id_9f8165e9_fk_trips_org FOREIGN KEY (organization_id) REFERENCES public.trips_organization(id) DEFERRABLE INITIALLY DEFERRED;


--
-- Name: trips_organization trips_organization_trip_id_89c2cebe_fk_trips_businesstrip_id; Type: FK CONSTRAINT; Schema: public; Owner: metrotrip_user
--

ALTER TABLE ONLY public.trips_organization
    ADD CONSTRAINT trips_organization_trip_id_89c2cebe_fk_trips_businesstrip_id FOREIGN KEY (trip_id) REFERENCES public.trips_businesstrip(id) DEFERRABLE INITIALLY DEFERRED;


--
-- Name: users_user_groups users_user_groups_group_id_9afc8d0e_fk_auth_group_id; Type: FK CONSTRAINT; Schema: public; Owner: metrotrip_user
--

ALTER TABLE ONLY public.users_user_groups
    ADD CONSTRAINT users_user_groups_group_id_9afc8d0e_fk_auth_group_id FOREIGN KEY (group_id) REFERENCES public.auth_group(id) DEFERRABLE INITIALLY DEFERRED;


--
-- Name: users_user_groups users_user_groups_user_id_5f6f5a90_fk_users_user_id; Type: FK CONSTRAINT; Schema: public; Owner: metrotrip_user
--

ALTER TABLE ONLY public.users_user_groups
    ADD CONSTRAINT users_user_groups_user_id_5f6f5a90_fk_users_user_id FOREIGN KEY (user_id) REFERENCES public.users_user(id) DEFERRABLE INITIALLY DEFERRED;


--
-- Name: users_user_user_permissions users_user_user_perm_permission_id_0b93982e_fk_auth_perm; Type: FK CONSTRAINT; Schema: public; Owner: metrotrip_user
--

ALTER TABLE ONLY public.users_user_user_permissions
    ADD CONSTRAINT users_user_user_perm_permission_id_0b93982e_fk_auth_perm FOREIGN KEY (permission_id) REFERENCES public.auth_permission(id) DEFERRABLE INITIALLY DEFERRED;


--
-- Name: users_user_user_permissions users_user_user_permissions_user_id_20aca447_fk_users_user_id; Type: FK CONSTRAINT; Schema: public; Owner: metrotrip_user
--

ALTER TABLE ONLY public.users_user_user_permissions
    ADD CONSTRAINT users_user_user_permissions_user_id_20aca447_fk_users_user_id FOREIGN KEY (user_id) REFERENCES public.users_user(id) DEFERRABLE INITIALLY DEFERRED;


--
-- PostgreSQL database dump complete
--

